PRAGMA foreign_keys = ON;
BEGIN TRANSACTION;
DELETE FROM market_bins WHERE market_id = 'cmmt1z4av00009kcwd4p2git1';
DELETE FROM resolution_metadata WHERE market_id = 'cmmt1z4av00009kcwd4p2git1';
DELETE FROM weather_assist_snapshots WHERE market_id = 'cmmt1z4av00009kcwd4p2git1';
DELETE FROM model_bin_outputs WHERE model_run_id IN (SELECT id FROM model_runs WHERE market_id = 'cmmt1z4av00009kcwd4p2git1');
DELETE FROM model_runs WHERE market_id = 'cmmt1z4av00009kcwd4p2git1';
DELETE FROM snapshots WHERE market_id = 'cmmt1z4av00009kcwd4p2git1';
DELETE FROM notes WHERE market_id = 'cmmt1z4av00009kcwd4p2git1';
DELETE FROM settled_results WHERE market_id = 'cmmt1z4av00009kcwd4p2git1';
DELETE FROM forecast_source_biases WHERE market_id = 'cmmt1z4av00009kcwd4p2git1';
DELETE FROM markets WHERE id = 'cmmt1z4av00009kcwd4p2git1';
INSERT INTO markets (id, city_name, event_id, market_slug, market_title, rules_text, volume, target_date, is_active, created_at, updated_at, raw_json) VALUES ('cmmt1z4av00009kcwd4p2git1', 'Shanghai', '265885', 'highest-temperature-in-shanghai-on-march-17-2026', 'Highest temperature in Shanghai on March 17?', 'This market will resolve to the temperature range that contains the highest temperature recorded at the Shanghai Pudong International Airport Station in degrees Celsius on 17 Mar ''26.

The resolution source for this market will be information from Wunderground, specifically the highest temperature recorded for all times on this day by the Forecast for the Shanghai Pudong International Airport Station once information is finalized, available here: https://www.wunderground.com/history/daily/cn/shanghai/ZSPD.

To toggle between Fahrenheit and Celsius, click the gear icon next to the search bar and switch the Temperature setting between °F and °C.

This market can not resolve to "Yes" until all data for this date has been finalized.

The resolution source for this market measures temperatures to whole degrees Celsius (eg, 9°C). Thus, this is the level of precision that will be used when resolving the market.

Any revisions to temperatures recorded after data is finalized for this market''s timeframe will not be considered for this market''s resolution.', 137247.691653, '2026-03-17T12:00:00.000Z', 1, '2026-03-16T10:40:58.758Z', '2026-03-16T19:28:02.532Z', NULL);
INSERT INTO market_bins (id, market_id, outcome_label, outcome_index, market_price, no_market_price, best_bid, best_ask, spread, implied_probability, updated_at) VALUES ('cmmt1z4b400029kcwruclr8ap', 'cmmt1z4av00009kcwd4p2git1', '<=5°C', 0, 0.001, 1, NULL, 0.001, NULL, 0.001, '2026-03-16T19:28:02.535Z');
INSERT INTO market_bins (id, market_id, outcome_label, outcome_index, market_price, no_market_price, best_bid, best_ask, spread, implied_probability, updated_at) VALUES ('cmmt1z4b500049kcw0jfz07ni', 'cmmt1z4av00009kcwd4p2git1', '6°C', 1, 0.001, 1, NULL, 0.001, NULL, 0.001, '2026-03-16T19:28:02.536Z');
INSERT INTO market_bins (id, market_id, outcome_label, outcome_index, market_price, no_market_price, best_bid, best_ask, spread, implied_probability, updated_at) VALUES ('cmmt1z4b600069kcwhqvtww8x', 'cmmt1z4av00009kcwd4p2git1', '7°C', 2, 0.001, 1, NULL, 0.001, NULL, 0.001, '2026-03-16T19:28:02.537Z');
INSERT INTO market_bins (id, market_id, outcome_label, outcome_index, market_price, no_market_price, best_bid, best_ask, spread, implied_probability, updated_at) VALUES ('cmmt1z4b700089kcwb1zd2yad', 'cmmt1z4av00009kcwd4p2git1', '8°C', 3, 0.001, 1, NULL, 0.001, NULL, 0.001, '2026-03-16T19:28:02.537Z');
INSERT INTO market_bins (id, market_id, outcome_label, outcome_index, market_price, no_market_price, best_bid, best_ask, spread, implied_probability, updated_at) VALUES ('cmmt1z4b7000a9kcw9lwmwlo8', 'cmmt1z4av00009kcwd4p2git1', '9°C', 4, 0.001, 0.9995, NULL, 0.001, NULL, 0.001, '2026-03-16T19:28:02.538Z');
INSERT INTO market_bins (id, market_id, outcome_label, outcome_index, market_price, no_market_price, best_bid, best_ask, spread, implied_probability, updated_at) VALUES ('cmmt1z4b8000c9kcwohlovm46', 'cmmt1z4av00009kcwd4p2git1', '10°C', 5, 0.012, 0.989, 0.01, 0.012, 0.002, 0.012, '2026-03-16T19:28:02.539Z');
INSERT INTO market_bins (id, market_id, outcome_label, outcome_index, market_price, no_market_price, best_bid, best_ask, spread, implied_probability, updated_at) VALUES ('cmmt1z4b8000e9kcwe4t3v4ir', 'cmmt1z4av00009kcwd4p2git1', '11°C', 6, 0.08, 0.93, 0.06, 0.08, 0.02, 0.08, '2026-03-16T19:28:02.539Z');
INSERT INTO market_bins (id, market_id, outcome_label, outcome_index, market_price, no_market_price, best_bid, best_ask, spread, implied_probability, updated_at) VALUES ('cmmt1z4b9000g9kcwejxhvh5j', 'cmmt1z4av00009kcwd4p2git1', '12°C', 7, 0.48, 0.53, 0.46, 0.48, 0.01999999999999996, 0.48, '2026-03-16T19:28:02.540Z');
INSERT INTO market_bins (id, market_id, outcome_label, outcome_index, market_price, no_market_price, best_bid, best_ask, spread, implied_probability, updated_at) VALUES ('cmmt1z4b9000i9kcwlken6u0k', 'cmmt1z4av00009kcwd4p2git1', '13°C', 8, 0.46, 0.57, 0.4, 0.46, 0.06, 0.46, '2026-03-16T19:28:02.540Z');
INSERT INTO market_bins (id, market_id, outcome_label, outcome_index, market_price, no_market_price, best_bid, best_ask, spread, implied_probability, updated_at) VALUES ('cmmt1z4ba000k9kcwez9qb42e', 'cmmt1z4av00009kcwd4p2git1', '14°C', 9, 0.039, 0.969, 0.023, 0.039, 0.016, 0.039, '2026-03-16T19:28:02.541Z');
INSERT INTO market_bins (id, market_id, outcome_label, outcome_index, market_price, no_market_price, best_bid, best_ask, spread, implied_probability, updated_at) VALUES ('cmmt1z4ba000m9kcwvk729o4f', 'cmmt1z4av00009kcwd4p2git1', '>=15°C', 10, 0.019, 0.9865, 0.008, 0.019, 0.011, 0.019, '2026-03-16T19:28:02.541Z');
INSERT INTO resolution_metadata (id, market_id, station_name, station_code, source_name, source_url, precision_rule, finalized_rule, revision_rule, updated_at) VALUES ('cmmt1z4bb000o9kcwf6qayphz', 'cmmt1z4av00009kcwd4p2git1', 'Shanghai Pudong International Airport Station', 'ZSPD', 'Wunderground', 'https://www.wunderground.com/history/daily/cn/shanghai/ZSPD.', 'measures temperatures to whole degrees Celsius (eg, 9°C)', 'once information is finalized, available here: https://www', 'revisions to temperatures recorded after data is finalized for this market''s timeframe will not be considered for this market''s resolution', '2026-03-16T19:28:02.542Z');
INSERT INTO weather_assist_snapshots (id, market_id, observed_at, temperature_2m, humidity, cloud_cover, precipitation, wind_speed, temp_1h_ago, temp_2h_ago, temp_3h_ago, temp_rise_1h, temp_rise_2h, temp_rise_3h, max_temp_so_far, raw_json) VALUES ('cmmtkxymq00019kdrxyqbhif0', 'cmmt1z4av00009kcwd4p2git1', '2026-03-16T19:30:20.000Z', 12, 95.1, 100, 1, 10.05, 10.4, 10.05, 10.25, 1.1, 1.449999999999999, 1.25, 12, NULL);
INSERT INTO weather_assist_snapshots (id, market_id, observed_at, temperature_2m, humidity, cloud_cover, precipitation, wind_speed, temp_1h_ago, temp_2h_ago, temp_3h_ago, temp_rise_1h, temp_rise_2h, temp_rise_3h, max_temp_so_far, raw_json) VALUES ('cmmtksyxf000q9kdi55cxfx8h', 'cmmt1z4av00009kcwd4p2git1', '2026-03-16T19:20:16.000Z', 12, 95.1, 100, 1, 10.05, 10.4, 10.05, 10.25, 1.1, 1.449999999999999, 1.25, 12, NULL);
INSERT INTO weather_assist_snapshots (id, market_id, observed_at, temperature_2m, humidity, cloud_cover, precipitation, wind_speed, temp_1h_ago, temp_2h_ago, temp_3h_ago, temp_rise_1h, temp_rise_2h, temp_rise_3h, max_temp_so_far, raw_json) VALUES ('cmmtkki0y00019kn1y3fpntr1', 'cmmt1z4av00009kcwd4p2git1', '2026-03-16T19:20:16.000Z', 12, 95.1, 100, 1, 10.05, 10.4, 10.05, 10.25, 1.1, 1.449999999999999, 1.25, 12, NULL);
INSERT INTO weather_assist_snapshots (id, market_id, observed_at, temperature_2m, humidity, cloud_cover, precipitation, wind_speed, temp_1h_ago, temp_2h_ago, temp_3h_ago, temp_rise_1h, temp_rise_2h, temp_rise_3h, max_temp_so_far, raw_json) VALUES ('cmmtk807k000q9kssyqulgh51', 'cmmt1z4av00009kcwd4p2git1', '2026-03-16T19:10:15.000Z', 12, 95.1, 100, 1, 10.05, 10.4, 10.05, 10.25, 1.1, 1.449999999999999, 1.25, 12, NULL);
INSERT INTO weather_assist_snapshots (id, market_id, observed_at, temperature_2m, humidity, cloud_cover, precipitation, wind_speed, temp_1h_ago, temp_2h_ago, temp_3h_ago, temp_rise_1h, temp_rise_2h, temp_rise_3h, max_temp_so_far, raw_json) VALUES ('cmmtifa0q009e9kmu2ujck7t3', 'cmmt1z4av00009kcwd4p2git1', '2026-03-16T18:19:15.000Z', 12, 95.1, 100, 1, 10.05, 10.4, 10.05, 10.25, 1.1, 1.449999999999999, 1.25, 12, NULL);
INSERT INTO weather_assist_snapshots (id, market_id, observed_at, temperature_2m, humidity, cloud_cover, precipitation, wind_speed, temp_1h_ago, temp_2h_ago, temp_3h_ago, temp_rise_1h, temp_rise_2h, temp_rise_3h, max_temp_so_far, raw_json) VALUES ('cmmtidb1w000q9ko39sp6kuz2', 'cmmt1z4av00009kcwd4p2git1', '2026-03-16T18:19:15.000Z', 12, 95.1, 100, 1, 10.05, 10.4, 10.05, 10.25, 1.1, 1.449999999999999, 1.25, 12, NULL);
INSERT INTO weather_assist_snapshots (id, market_id, observed_at, temperature_2m, humidity, cloud_cover, precipitation, wind_speed, temp_1h_ago, temp_2h_ago, temp_3h_ago, temp_rise_1h, temp_rise_2h, temp_rise_3h, max_temp_so_far, raw_json) VALUES ('cmmtic0of000q9k1he9yrb57f', 'cmmt1z4av00009kcwd4p2git1', '2026-03-16T18:09:08.000Z', 12, 95.1, 100, 1, 10.05, 10.4, 10.05, 10.25, 1.1, 1.449999999999999, 1.25, 12, NULL);
INSERT INTO weather_assist_snapshots (id, market_id, observed_at, temperature_2m, humidity, cloud_cover, precipitation, wind_speed, temp_1h_ago, temp_2h_ago, temp_3h_ago, temp_rise_1h, temp_rise_2h, temp_rise_3h, max_temp_so_far, raw_json) VALUES ('cmmtiabpf00789kmusjdrimtf', 'cmmt1z4av00009kcwd4p2git1', '2026-03-16T18:09:08.000Z', 12, 95.1, 100, 1, 10.05, 10.4, 10.05, 10.25, 1.1, 1.449999999999999, 1.25, 12, NULL);
INSERT INTO weather_assist_snapshots (id, market_id, observed_at, temperature_2m, humidity, cloud_cover, precipitation, wind_speed, temp_1h_ago, temp_2h_ago, temp_3h_ago, temp_rise_1h, temp_rise_2h, temp_rise_3h, max_temp_so_far, raw_json) VALUES ('cmmti68o800529kmupswaocds', 'cmmt1z4av00009kcwd4p2git1', '2026-03-16T18:09:08.000Z', 12, 95.1, 100, 1, 10.05, 10.4, 10.05, 10.25, 1.1, 1.449999999999999, 1.25, 12, NULL);
INSERT INTO weather_assist_snapshots (id, market_id, observed_at, temperature_2m, humidity, cloud_cover, precipitation, wind_speed, temp_1h_ago, temp_2h_ago, temp_3h_ago, temp_rise_1h, temp_rise_2h, temp_rise_3h, max_temp_so_far, raw_json) VALUES ('cmmthztcb002w9kmuh7krhcd4', 'cmmt1z4av00009kcwd4p2git1', '2026-03-16T18:09:08.000Z', 12, 95.1, 100, 1, 10.05, 10.4, 10.05, 10.25, 1.1, 1.449999999999999, 1.25, 12, NULL);
INSERT INTO weather_assist_snapshots (id, market_id, observed_at, temperature_2m, humidity, cloud_cover, precipitation, wind_speed, temp_1h_ago, temp_2h_ago, temp_3h_ago, temp_rise_1h, temp_rise_2h, temp_rise_3h, max_temp_so_far, raw_json) VALUES ('cmmthrhq9000q9kmuo2zmwcmf', 'cmmt1z4av00009kcwd4p2git1', '2026-03-16T17:58:58.000Z', 12, 95.1, 100, 1, 10.05, 10.4, 10.05, 10.25, 1.1, 1.449999999999999, 1.25, 12, NULL);
INSERT INTO weather_assist_snapshots (id, market_id, observed_at, temperature_2m, humidity, cloud_cover, precipitation, wind_speed, temp_1h_ago, temp_2h_ago, temp_3h_ago, temp_rise_1h, temp_rise_2h, temp_rise_3h, max_temp_so_far, raw_json) VALUES ('cmmth9mv2000q9k5zj7ay9awb', 'cmmt1z4av00009kcwd4p2git1', '2026-03-16T17:48:39.000Z', 12, 95.1, 100, 1, 10.05, 10.4, 10.05, 10.25, 1.1, 1.449999999999999, 1.25, 12, NULL);
INSERT INTO weather_assist_snapshots (id, market_id, observed_at, temperature_2m, humidity, cloud_cover, precipitation, wind_speed, temp_1h_ago, temp_2h_ago, temp_3h_ago, temp_rise_1h, temp_rise_2h, temp_rise_3h, max_temp_so_far, raw_json) VALUES ('cmmth6r1l00529kwnbbovs0b7', 'cmmt1z4av00009kcwd4p2git1', '2026-03-16T17:38:17.000Z', 12, 95.1, 100, 1, 10.05, 10.4, 10.05, 10.25, 1.1, 1.449999999999999, 1.25, 12, NULL);
INSERT INTO weather_assist_snapshots (id, market_id, observed_at, temperature_2m, humidity, cloud_cover, precipitation, wind_speed, temp_1h_ago, temp_2h_ago, temp_3h_ago, temp_rise_1h, temp_rise_2h, temp_rise_3h, max_temp_so_far, raw_json) VALUES ('cmmth2p3i002w9kwnqtsf23ls', 'cmmt1z4av00009kcwd4p2git1', '2026-03-16T17:38:17.000Z', 12, 95.1, 100, 1, 10.05, 10.4, 10.05, 10.25, 1.1, 1.449999999999999, 1.25, 12, NULL);
INSERT INTO weather_assist_snapshots (id, market_id, observed_at, temperature_2m, humidity, cloud_cover, precipitation, wind_speed, temp_1h_ago, temp_2h_ago, temp_3h_ago, temp_rise_1h, temp_rise_2h, temp_rise_3h, max_temp_so_far, raw_json) VALUES ('cmmtgimbk000q9kwna9a2avt1', 'cmmt1z4av00009kcwd4p2git1', '2026-03-16T17:18:12.000Z', 12, 95.1, 100, 1, 10.05, 10.4, 10.05, 10.25, 1.1, 1.449999999999999, 1.25, 12, NULL);
INSERT INTO weather_assist_snapshots (id, market_id, observed_at, temperature_2m, humidity, cloud_cover, precipitation, wind_speed, temp_1h_ago, temp_2h_ago, temp_3h_ago, temp_rise_1h, temp_rise_2h, temp_rise_3h, max_temp_so_far, raw_json) VALUES ('cmmtg6g8j000q9k3k9d5bkt8k', 'cmmt1z4av00009kcwd4p2git1', '2026-03-16T17:18:12.000Z', 12, 95.1, 100, 1, 10.05, 10.4, 10.05, 10.25, 1.1, 1.449999999999999, 1.25, 12, NULL);
INSERT INTO weather_assist_snapshots (id, market_id, observed_at, temperature_2m, humidity, cloud_cover, precipitation, wind_speed, temp_1h_ago, temp_2h_ago, temp_3h_ago, temp_rise_1h, temp_rise_2h, temp_rise_3h, max_temp_so_far, raw_json) VALUES ('cmmt1z7x0000q9kcw9djydk5r', 'cmmt1z4av00009kcwd4p2git1', '2026-03-16T10:33:45.000Z', 12, 96.05, 100, 1.15, 11.7, 10.45, 10.2, 10.35, 0.8000000000000007, 1.050000000000001, 0.9000000000000004, 12, NULL);
INSERT INTO model_runs (id, market_id, run_at, model_version, best_bin, edge, trade_score, decision, recommended_position, timing_score, weather_score, data_quality_score, explanation, risk_flags_json, raw_features_json) VALUES ('cmmtksyxo000s9kdiz9b770ry', 'cmmt1z4av00009kcwd4p2git1', '2026-03-16T19:28:04.573Z', 'shanghai-rule-v1', '13°C', 0.2178327897144787, 0, 'PASS', 0, 23.3, 34.2, 45.71428571428571, '严格模式已触发：天气数据源不完整（缺失：open_meteo），系统禁止给出交易推荐，强制 PASS，仓位为 0。
EN: Strict mode triggered: weather sources are incomplete (missing: open_meteo). Trading recommendation is blocked, forced PASS with zero position.', '["precipitation_risk","cloud_risk","second_entry_guard","market_already_priced","low_weather_maturity","suppressed_heating","weather_source_incomplete","low_data_quality"]', '{"currentTemp":10,"maxTempSoFar":12,"todayMaxTemp":10,"isTargetDateToday":true,"recommendedSide":"NO","reasonZh":"严格模式已触发：天气数据源不完整（缺失：open_meteo），系统禁止给出交易推荐，强制 PASS，仓位为 0。","reasonEn":"Strict mode triggered: weather sources are incomplete (missing: open_meteo). Trading recommendation is blocked, forced PASS with zero position.","weatherMaturityScore":31,"scenarioTag":"suppressed_heating","learnedPeakWindow":{"startHour":10.5,"endHour":14.5,"medianHour":12,"sampleDays":30,"method":"wunderground_30d_history"},"calibratedFusedTemp":12,"fusedContinuous":11.64,"fusedAnchor":12,"settlementMean":12.127489572789415,"mostLikelyInteger":12,"modelSigma":1.7600000000000002,"sourceCalibration":[],"dailyDecision":{"mode":"realtime","isOfficial":false,"dateKey":"2026-03-17","lockAt":null},"constraints":{"observedFloorInteger":10,"reachabilityFloorInteger":11,"minAllowedInteger":11,"maxPotentialRise":2}}');
INSERT INTO model_bin_outputs (id, model_run_id, outcome_label, model_probability, market_price, edge) VALUES ('cmmtksyxo000t9kdi1a91qfgm', 'cmmtksyxo000s9kdiz9b770ry', '<=5°C', 0, 0.001, -0.015);
INSERT INTO model_bin_outputs (id, model_run_id, outcome_label, model_probability, market_price, edge) VALUES ('cmmtksyxo000u9kdiuk4befkt', 'cmmtksyxo000s9kdiz9b770ry', '6°C', 0, 0.001, -0.015);
INSERT INTO model_bin_outputs (id, model_run_id, outcome_label, model_probability, market_price, edge) VALUES ('cmmtksyxo000v9kdiexxlc3cz', 'cmmtksyxo000s9kdiz9b770ry', '7°C', 0, 0.001, -0.015);
INSERT INTO model_bin_outputs (id, model_run_id, outcome_label, model_probability, market_price, edge) VALUES ('cmmtksyxo000w9kdia7gmkxtv', 'cmmtksyxo000s9kdiz9b770ry', '8°C', 0, 0.001, -0.015);
INSERT INTO model_bin_outputs (id, model_run_id, outcome_label, model_probability, market_price, edge) VALUES ('cmmtksyxo000x9kdic1w65nya', 'cmmtksyxo000s9kdiz9b770ry', '9°C', 0, 0.001, -0.01450000000000005);
INSERT INTO model_bin_outputs (id, model_run_id, outcome_label, model_probability, market_price, edge) VALUES ('cmmtksyxo000y9kdireormf2w', 'cmmtksyxo000s9kdiz9b770ry', '10°C', 0, 0.012, -0.00399999999999999);
INSERT INTO model_bin_outputs (id, model_run_id, outcome_label, model_probability, market_price, edge) VALUES ('cmmtksyxo000z9kdi555q6sw1', 'cmmtksyxo000s9kdiz9b770ry', '11°C', 0.3083497073508106, 0.08, -0.2533497073508106);
INSERT INTO model_bin_outputs (id, model_run_id, outcome_label, model_probability, market_price, edge) VALUES ('cmmtksyxo00109kdievgtnxll', 'cmmtksyxo000s9kdiz9b770ry', '12°C', 0.3921045419914159, 0.48, -0.1028954580085841);
INSERT INTO model_bin_outputs (id, model_run_id, outcome_label, model_probability, market_price, edge) VALUES ('cmmtksyxo00119kdi01rr5ksc', 'cmmtksyxo000s9kdiz9b770ry', '13°C', 0.1971672102855213, 0.46, 0.2178327897144787);
INSERT INTO model_bin_outputs (id, model_run_id, outcome_label, model_probability, market_price, edge) VALUES ('cmmtksyxo00129kdicpv4o21a', 'cmmtksyxo000s9kdiz9b770ry', '14°C', 0.0750948495537824, 0.039, -0.0590948495537824);
INSERT INTO model_bin_outputs (id, model_run_id, outcome_label, model_probability, market_price, edge) VALUES ('cmmtksyxo00139kdiwdbjtuqg', 'cmmtksyxo000s9kdiz9b770ry', '>=15°C', 0.02728369081846983, 0.019, -0.02878369081846986);
INSERT INTO model_runs (id, market_id, run_at, model_version, best_bin, edge, trade_score, decision, recommended_position, timing_score, weather_score, data_quality_score, explanation, risk_flags_json, raw_features_json) VALUES ('cmmtk807q000s9ksse8veuew0', 'cmmt1z4av00009kcwd4p2git1', '2026-03-16T19:11:46.455Z', 'shanghai-rule-v1', '13°C', 0.1428327897144787, 55.75, 'BUY', 80, 23.3, 34.2, 66.66666666666666, '目标日全天最高温预测约 12°C，峰值前两小时升温 0.3°C，时间窗口评分 23。模型对 13°C 的判断已计入价格，最高温目标温度按 12°C 进行全局联动约束（仅目标bin允许YES，其余为NO）。可交易净Edge约 14.3%，优先方向为 NO，对应胜率约 80%。 天气稳定度 34，数据质量 67，综合建议买入。
EN: Forecast max temperature for target day is about 12°C, with 0.3°C rise in the 2 hours before peak and timing score 23. Model view on 13°C is compared against market pricing; Global mutually-exclusive constraint is applied with target temperature 12°C (only target bin can be YES; all others are NO). Tradable net edge is about 14.3%, preferred side is NO with estimated win-rate 80%. Weather stability is 34 and data quality is 67. Overall recommendation: BUY.', '["precipitation_risk","cloud_risk","market_already_priced","low_weather_maturity","suppressed_heating"]', '{"currentTemp":10,"maxTempSoFar":12,"todayMaxTemp":10,"isTargetDateToday":true,"recommendedSide":"NO","reasonZh":"目标日全天最高温预测约 12°C，峰值前两小时升温 0.3°C，时间窗口评分 23。模型对 13°C 的判断已计入价格，最高温目标温度按 12°C 进行全局联动约束（仅目标bin允许YES，其余为NO）。可交易净Edge约 14.3%，优先方向为 NO，对应胜率约 80%。 天气稳定度 34，数据质量 67，综合建议买入。","reasonEn":"Forecast max temperature for target day is about 12°C, with 0.3°C rise in the 2 hours before peak and timing score 23. Model view on 13°C is compared against market pricing; Global mutually-exclusive constraint is applied with target temperature 12°C (only target bin can be YES; all others are NO). Tradable net edge is about 14.3%, preferred side is NO with estimated win-rate 80%. Weather stability is 34 and data quality is 67. Overall recommendation: BUY.","weatherMaturityScore":31,"scenarioTag":"suppressed_heating","learnedPeakWindow":{"startHour":10.5,"endHour":14.5,"medianHour":12,"sampleDays":30,"method":"wunderground_30d_history"},"calibratedFusedTemp":12,"fusedContinuous":11.64,"fusedAnchor":12,"settlementMean":12.127489572789415,"mostLikelyInteger":12,"modelSigma":1.7600000000000002,"sourceCalibration":[],"dailyDecision":{"mode":"realtime","isOfficial":false,"dateKey":"2026-03-17","lockAt":null},"constraints":{"observedFloorInteger":10,"reachabilityFloorInteger":11,"minAllowedInteger":11,"maxPotentialRise":2}}');
INSERT INTO model_bin_outputs (id, model_run_id, outcome_label, model_probability, market_price, edge) VALUES ('cmmtk807q000t9ksst37ljt8e', 'cmmtk807q000s9ksse8veuew0', '<=5°C', 0, 0.001, -0.015);
INSERT INTO model_bin_outputs (id, model_run_id, outcome_label, model_probability, market_price, edge) VALUES ('cmmtk807q000u9kssbryiuwec', 'cmmtk807q000s9ksse8veuew0', '6°C', 0, 0.001, -0.015);
INSERT INTO model_bin_outputs (id, model_run_id, outcome_label, model_probability, market_price, edge) VALUES ('cmmtk807q000v9kssu04wajnb', 'cmmtk807q000s9ksse8veuew0', '7°C', 0, 0.001, -0.015);
INSERT INTO model_bin_outputs (id, model_run_id, outcome_label, model_probability, market_price, edge) VALUES ('cmmtk807q000w9kss1lyatspt', 'cmmtk807q000s9ksse8veuew0', '8°C', 0, 0.001, -0.015);
INSERT INTO model_bin_outputs (id, model_run_id, outcome_label, model_probability, market_price, edge) VALUES ('cmmtk807q000x9kssc3lxe0zh', 'cmmtk807q000s9ksse8veuew0', '9°C', 0, 0.001, -0.01450000000000005);
INSERT INTO model_bin_outputs (id, model_run_id, outcome_label, model_probability, market_price, edge) VALUES ('cmmtk807q000y9kssgzwp47uh', 'cmmtk807q000s9ksse8veuew0', '10°C', 0, 0.013, -0.003500000000000045);
INSERT INTO model_bin_outputs (id, model_run_id, outcome_label, model_probability, market_price, edge) VALUES ('cmmtk807q000z9kss6ppawlku', 'cmmtk807q000s9ksse8veuew0', '11°C', 0.3083497073508106, 0.07, -0.2633497073508105);
INSERT INTO model_bin_outputs (id, model_run_id, outcome_label, model_probability, market_price, edge) VALUES ('cmmtk807q00109ksswmlwsxvp', 'cmmtk807q000s9ksse8veuew0', '12°C', 0.3921045419914159, 0.54, -0.1628954580085841);
INSERT INTO model_bin_outputs (id, model_run_id, outcome_label, model_probability, market_price, edge) VALUES ('cmmtk807q00119kssxdj7j36d', 'cmmtk807q000s9ksse8veuew0', '13°C', 0.1971672102855213, 0.36, 0.1428327897144787);
INSERT INTO model_bin_outputs (id, model_run_id, outcome_label, model_probability, market_price, edge) VALUES ('cmmtk807q00129ksszd6kqm3f', 'cmmtk807q000s9ksse8veuew0', '14°C', 0.0750948495537824, 0.032, -0.06159484955378246);
INSERT INTO model_bin_outputs (id, model_run_id, outcome_label, model_probability, market_price, edge) VALUES ('cmmtk807q00139ksszrow41ln', 'cmmtk807q000s9ksse8veuew0', '>=15°C', 0.02728369081846983, 0.019, -0.02678369081846986);
INSERT INTO model_runs (id, market_id, run_at, model_version, best_bin, edge, trade_score, decision, recommended_position, timing_score, weather_score, data_quality_score, explanation, risk_flags_json, raw_features_json) VALUES ('cmmtifa16009g9kmute9z1qin', 'cmmt1z4av00009kcwd4p2git1', '2026-03-16T18:21:26.538Z', 'shanghai-rule-v1', '13°C', 0.1141439562478608, 58.55, 'PASS', 0, 26.9, 36.6, 100, '目标日全天最高温预测约 12°C，峰值前两小时升温 0.8°C，时间窗口评分 27。模型对 13°C 的判断已计入价格，最高温目标温度按 12°C 进行全局联动约束（仅目标bin允许YES，其余为NO）。可交易净Edge约 11.4%，优先方向为 NO，对应胜率约 80%。 天气稳定度 37，数据质量 100，综合建议放弃。
EN: Forecast max temperature for target day is about 12°C, with 0.8°C rise in the 2 hours before peak and timing score 27. Model view on 13°C is compared against market pricing; Global mutually-exclusive constraint is applied with target temperature 12°C (only target bin can be YES; all others are NO). Tradable net edge is about 11.4%, preferred side is NO with estimated win-rate 80%. Weather stability is 37 and data quality is 100. Overall recommendation: PASS.', '["precipitation_risk","cloud_risk","market_already_priced","low_weather_maturity","suppressed_heating"]', '{"currentTemp":10,"maxTempSoFar":12,"todayMaxTemp":10,"isTargetDateToday":true,"recommendedSide":"NO","reasonZh":"目标日全天最高温预测约 12°C，峰值前两小时升温 0.8°C，时间窗口评分 27。模型对 13°C 的判断已计入价格，最高温目标温度按 12°C 进行全局联动约束（仅目标bin允许YES，其余为NO）。可交易净Edge约 11.4%，优先方向为 NO，对应胜率约 80%。 天气稳定度 37，数据质量 100，综合建议放弃。","reasonEn":"Forecast max temperature for target day is about 12°C, with 0.8°C rise in the 2 hours before peak and timing score 27. Model view on 13°C is compared against market pricing; Global mutually-exclusive constraint is applied with target temperature 12°C (only target bin can be YES; all others are NO). Tradable net edge is about 11.4%, preferred side is NO with estimated win-rate 80%. Weather stability is 37 and data quality is 100. Overall recommendation: PASS.","weatherMaturityScore":43,"scenarioTag":"suppressed_heating","learnedPeakWindow":{"startHour":10.5,"endHour":14.5,"medianHour":12,"sampleDays":30,"method":"wunderground_30d_history"},"calibratedFusedTemp":12,"fusedContinuous":11.62,"fusedAnchor":12,"settlementMean":12.119272314471441,"mostLikelyInteger":12,"modelSigma":1.7600000000000002,"sourceCalibration":[],"dailyDecision":{"mode":"realtime","isOfficial":false,"dateKey":"2026-03-17","lockAt":null}}');
INSERT INTO model_bin_outputs (id, model_run_id, outcome_label, model_probability, market_price, edge) VALUES ('cmmtifa16009h9kmuh7f8jnyj', 'cmmtifa16009g9kmute9z1qin', '<=5°C', 0, 0.001, -0.009500000000000055);
INSERT INTO model_bin_outputs (id, model_run_id, outcome_label, model_probability, market_price, edge) VALUES ('cmmtifa16009i9kmusqqgcaah', 'cmmtifa16009g9kmute9z1qin', '6°C', 0, 0.001, -0.009500000000000055);
INSERT INTO model_bin_outputs (id, model_run_id, outcome_label, model_probability, market_price, edge) VALUES ('cmmtifa16009j9kmumjhmus8f', 'cmmtifa16009g9kmute9z1qin', '7°C', 0, 0.001, -0.009500000000000055);
INSERT INTO model_bin_outputs (id, model_run_id, outcome_label, model_probability, market_price, edge) VALUES ('cmmtifa16009k9kmu4hzmwmvt', 'cmmtifa16009g9kmute9z1qin', '8°C', 0, 0.001, -0.009500000000000055);
INSERT INTO model_bin_outputs (id, model_run_id, outcome_label, model_probability, market_price, edge) VALUES ('cmmtifa16009l9kmuk55mrkay', 'cmmtifa16009g9kmute9z1qin', '9°C', 0, 0.001, -0.009500000000000055);
INSERT INTO model_bin_outputs (id, model_run_id, outcome_label, model_probability, market_price, edge) VALUES ('cmmtifa16009m9kmutfxsy7br', 'cmmtifa16009g9kmute9z1qin', '10°C', 0, 0.024, 0.01049999999999996);
INSERT INTO model_bin_outputs (id, model_run_id, outcome_label, model_probability, market_price, edge) VALUES ('cmmtifa16009n9kmuvdnul7w3', 'cmmtifa16009g9kmute9z1qin', '11°C', 0.3109971132039812, 0.08, -0.2509971132039812);
INSERT INTO model_bin_outputs (id, model_run_id, outcome_label, model_probability, market_price, edge) VALUES ('cmmtifa16009o9kmuzpt25gs5', 'cmmtifa16009g9kmute9z1qin', '12°C', 0.3924728646957354, 0.56, -0.1775271353042646);
INSERT INTO model_bin_outputs (id, model_run_id, outcome_label, model_probability, market_price, edge) VALUES ('cmmtifa16009p9kmu4ktg2ihv', 'cmmtifa16009g9kmute9z1qin', '13°C', 0.1958560437521392, 0.33, 0.1141439562478608);
INSERT INTO model_bin_outputs (id, model_run_id, outcome_label, model_probability, market_price, edge) VALUES ('cmmtifa16009q9kmu0vplzuav', 'cmmtifa16009g9kmute9z1qin', '14°C', 0.07403015616853713, 0.027, -0.05803015616853712);
INSERT INTO model_bin_outputs (id, model_run_id, outcome_label, model_probability, market_price, edge) VALUES ('cmmtifa16009r9kmu6yxttww3', 'cmmtifa16009g9kmute9z1qin', '>=15°C', 0.02664382217960716, 0.013, -0.02514382217960719);
INSERT INTO model_runs (id, market_id, run_at, model_version, best_bin, edge, trade_score, decision, recommended_position, timing_score, weather_score, data_quality_score, explanation, risk_flags_json, raw_features_json) VALUES ('cmmtidb2d000s9ko3gv2r3vym', 'cmmt1z4av00009kcwd4p2git1', '2026-03-16T18:19:54.566Z', 'shanghai-rule-v1', '13°C', 0.1091439562478608, 58.55, 'PASS', 0, 26.9, 36.6, 100, '目标日全天最高温预测约 12°C，峰值前两小时升温 0.8°C，时间窗口评分 27。模型对 13°C 的判断已计入价格，最高温目标温度按 12°C 进行全局联动约束（仅目标bin允许YES，其余为NO）。可交易净Edge约 10.9%，优先方向为 NO，对应胜率约 80%。 天气稳定度 37，数据质量 100，综合建议放弃。
EN: Forecast max temperature for target day is about 12°C, with 0.8°C rise in the 2 hours before peak and timing score 27. Model view on 13°C is compared against market pricing; Global mutually-exclusive constraint is applied with target temperature 12°C (only target bin can be YES; all others are NO). Tradable net edge is about 10.9%, preferred side is NO with estimated win-rate 80%. Weather stability is 37 and data quality is 100. Overall recommendation: PASS.', '["precipitation_risk","cloud_risk","market_already_priced","low_weather_maturity","suppressed_heating"]', '{"currentTemp":10,"maxTempSoFar":12,"todayMaxTemp":10,"isTargetDateToday":true,"recommendedSide":"NO","reasonZh":"目标日全天最高温预测约 12°C，峰值前两小时升温 0.8°C，时间窗口评分 27。模型对 13°C 的判断已计入价格，最高温目标温度按 12°C 进行全局联动约束（仅目标bin允许YES，其余为NO）。可交易净Edge约 10.9%，优先方向为 NO，对应胜率约 80%。 天气稳定度 37，数据质量 100，综合建议放弃。","reasonEn":"Forecast max temperature for target day is about 12°C, with 0.8°C rise in the 2 hours before peak and timing score 27. Model view on 13°C is compared against market pricing; Global mutually-exclusive constraint is applied with target temperature 12°C (only target bin can be YES; all others are NO). Tradable net edge is about 10.9%, preferred side is NO with estimated win-rate 80%. Weather stability is 37 and data quality is 100. Overall recommendation: PASS.","weatherMaturityScore":43,"scenarioTag":"suppressed_heating","learnedPeakWindow":{"startHour":10.5,"endHour":14.5,"medianHour":12,"sampleDays":30,"method":"wunderground_30d_history"},"calibratedFusedTemp":12,"fusedContinuous":11.62,"fusedAnchor":12,"settlementMean":12.119272314471441,"mostLikelyInteger":12,"modelSigma":1.7600000000000002,"sourceCalibration":[],"dailyDecision":{"mode":"realtime","isOfficial":false,"dateKey":"2026-03-17","lockAt":null}}');
INSERT INTO model_bin_outputs (id, model_run_id, outcome_label, model_probability, market_price, edge) VALUES ('cmmtidb2d000t9ko3k3l54l7n', 'cmmtidb2d000s9ko3gv2r3vym', '<=5°C', 0, 0.001, -0.009500000000000055);
INSERT INTO model_bin_outputs (id, model_run_id, outcome_label, model_probability, market_price, edge) VALUES ('cmmtidb2d000u9ko3hcgx7hzr', 'cmmtidb2d000s9ko3gv2r3vym', '6°C', 0, 0.001, -0.009500000000000055);
INSERT INTO model_bin_outputs (id, model_run_id, outcome_label, model_probability, market_price, edge) VALUES ('cmmtidb2d000v9ko3xob45tvi', 'cmmtidb2d000s9ko3gv2r3vym', '7°C', 0, 0.001, -0.009500000000000055);
INSERT INTO model_bin_outputs (id, model_run_id, outcome_label, model_probability, market_price, edge) VALUES ('cmmtidb2d000w9ko3eunwddyv', 'cmmtidb2d000s9ko3gv2r3vym', '8°C', 0, 0.001, -0.009500000000000055);
INSERT INTO model_bin_outputs (id, model_run_id, outcome_label, model_probability, market_price, edge) VALUES ('cmmtidb2d000x9ko3q4pr6ig9', 'cmmtidb2d000s9ko3gv2r3vym', '9°C', 0, 0.001, -0.009500000000000055);
INSERT INTO model_bin_outputs (id, model_run_id, outcome_label, model_probability, market_price, edge) VALUES ('cmmtidb2d000y9ko3bbmvv8ku', 'cmmtidb2d000s9ko3gv2r3vym', '10°C', 0, 0.024, 0.01049999999999996);
INSERT INTO model_bin_outputs (id, model_run_id, outcome_label, model_probability, market_price, edge) VALUES ('cmmtidb2d000z9ko3mfszxhu5', 'cmmtidb2d000s9ko3gv2r3vym', '11°C', 0.3109971132039812, 0.08, -0.2509971132039812);
INSERT INTO model_bin_outputs (id, model_run_id, outcome_label, model_probability, market_price, edge) VALUES ('cmmtidb2d00109ko3fp4czav0', 'cmmtidb2d000s9ko3gv2r3vym', '12°C', 0.3924728646957354, 0.56, -0.1775271353042646);
INSERT INTO model_bin_outputs (id, model_run_id, outcome_label, model_probability, market_price, edge) VALUES ('cmmtidb2d00119ko3lhdexsuj', 'cmmtidb2d000s9ko3gv2r3vym', '13°C', 0.1958560437521392, 0.33, 0.1091439562478608);
INSERT INTO model_bin_outputs (id, model_run_id, outcome_label, model_probability, market_price, edge) VALUES ('cmmtidb2d00129ko3oeseyjbk', 'cmmtidb2d000s9ko3gv2r3vym', '14°C', 0.07403015616853713, 0.027, -0.06103015616853712);
INSERT INTO model_bin_outputs (id, model_run_id, outcome_label, model_probability, market_price, edge) VALUES ('cmmtidb2d00139ko3nowpg2cu', 'cmmtidb2d000s9ko3gv2r3vym', '>=15°C', 0.02664382217960716, 0.02, -0.02164382217960713);
INSERT INTO model_runs (id, market_id, run_at, model_version, best_bin, edge, trade_score, decision, recommended_position, timing_score, weather_score, data_quality_score, explanation, risk_flags_json, raw_features_json) VALUES ('cmmtic0om000s9k1h32g2k0ze', 'cmmt1z4av00009kcwd4p2git1', '2026-03-16T18:18:54.454Z', 'shanghai-rule-v1', '13°C', 0.1399526005712436, 63.79, 'WATCH', 0, 26.9, 36.6, 100, '目标日全天最高温预测约 12°C，峰值前两小时升温 0.8°C，时间窗口评分 27。模型对 13°C 的判断已计入价格，最高温目标温度按 12°C 进行全局联动约束（仅目标bin允许YES，其余为NO）。可交易净Edge约 14.0%，优先方向为 NO，对应胜率约 83%。 天气稳定度 37，数据质量 100，综合建议观察。
EN: Forecast max temperature for target day is about 12°C, with 0.8°C rise in the 2 hours before peak and timing score 27. Model view on 13°C is compared against market pricing; Global mutually-exclusive constraint is applied with target temperature 12°C (only target bin can be YES; all others are NO). Tradable net edge is about 14.0%, preferred side is NO with estimated win-rate 83%. Weather stability is 37 and data quality is 100. Overall recommendation: WATCH.', '["precipitation_risk","cloud_risk","market_already_priced","low_weather_maturity","suppressed_heating"]', '{"currentTemp":10,"maxTempSoFar":12,"todayMaxTemp":10,"isTargetDateToday":true,"recommendedSide":"NO","reasonZh":"目标日全天最高温预测约 12°C，峰值前两小时升温 0.8°C，时间窗口评分 27。模型对 13°C 的判断已计入价格，最高温目标温度按 12°C 进行全局联动约束（仅目标bin允许YES，其余为NO）。可交易净Edge约 14.0%，优先方向为 NO，对应胜率约 83%。 天气稳定度 37，数据质量 100，综合建议观察。","reasonEn":"Forecast max temperature for target day is about 12°C, with 0.8°C rise in the 2 hours before peak and timing score 27. Model view on 13°C is compared against market pricing; Global mutually-exclusive constraint is applied with target temperature 12°C (only target bin can be YES; all others are NO). Tradable net edge is about 14.0%, preferred side is NO with estimated win-rate 83%. Weather stability is 37 and data quality is 100. Overall recommendation: WATCH.","weatherMaturityScore":43,"scenarioTag":"suppressed_heating","learnedPeakWindow":{"startHour":10.5,"endHour":14.5,"medianHour":12,"sampleDays":30,"method":"wunderground_30d_history"},"calibratedFusedTemp":12,"fusedContinuous":11.62,"fusedAnchor":12,"settlementMean":11.785905492033368,"mostLikelyInteger":12,"modelSigma":1.7600000000000002,"sourceCalibration":[],"dailyDecision":{"mode":"realtime","isOfficial":false,"dateKey":"2026-03-17","lockAt":null}}');
INSERT INTO model_bin_outputs (id, model_run_id, outcome_label, model_probability, market_price, edge) VALUES ('cmmtic0om000t9k1hvnyv2q5p', 'cmmtic0om000s9k1h32g2k0ze', '<=5°C', 0, 0.001, -0.009500000000000055);
INSERT INTO model_bin_outputs (id, model_run_id, outcome_label, model_probability, market_price, edge) VALUES ('cmmtic0om000u9k1h6udunujo', 'cmmtic0om000s9k1h32g2k0ze', '6°C', 0, 0.001, -0.009500000000000055);
INSERT INTO model_bin_outputs (id, model_run_id, outcome_label, model_probability, market_price, edge) VALUES ('cmmtic0om000v9k1hbcqwmdeq', 'cmmtic0om000s9k1h32g2k0ze', '7°C', 0, 0.001, -0.009500000000000055);
INSERT INTO model_bin_outputs (id, model_run_id, outcome_label, model_probability, market_price, edge) VALUES ('cmmtic0om000w9k1h9zxok62i', 'cmmtic0om000s9k1h32g2k0ze', '8°C', 0, 0.001, -0.009500000000000055);
INSERT INTO model_bin_outputs (id, model_run_id, outcome_label, model_probability, market_price, edge) VALUES ('cmmtic0om000x9k1hyhdq16c9', 'cmmtic0om000s9k1h32g2k0ze', '9°C', 0, 0.001, -0.009500000000000055);
INSERT INTO model_bin_outputs (id, model_run_id, outcome_label, model_probability, market_price, edge) VALUES ('cmmtic0om000y9k1haoo4wl4q', 'cmmtic0om000s9k1h32g2k0ze', '10°C', 0.1573024948996311, 0.024, -0.1468024948996312);
INSERT INTO model_bin_outputs (id, model_run_id, outcome_label, model_probability, market_price, edge) VALUES ('cmmtic0om000z9k1hjdtmncqw', 'cmmtic0om000s9k1h32g2k0ze', '11°C', 0.2620764913904119, 0.08, -0.2020764913904119);
INSERT INTO model_bin_outputs (id, model_run_id, outcome_label, model_probability, market_price, edge) VALUES ('cmmtic0om00109k1h73x00zor', 'cmmtic0om000s9k1h32g2k0ze', '12°C', 0.3307359038986909, 0.56, -0.2392640961013092);
INSERT INTO model_bin_outputs (id, model_run_id, outcome_label, model_probability, market_price, edge) VALUES ('cmmtic0om00119k1h0zea8p3g', 'cmmtic0om000s9k1h32g2k0ze', '13°C', 0.1650473994287564, 0.33, 0.1399526005712436);
INSERT INTO model_bin_outputs (id, model_run_id, outcome_label, model_probability, market_price, edge) VALUES ('cmmtic0om00129k1hr41t1e37', 'cmmtic0om000s9k1h32g2k0ze', '14°C', 0.06238502790541692, 0.027, -0.04938502790541687);
INSERT INTO model_bin_outputs (id, model_run_id, outcome_label, model_probability, market_price, edge) VALUES ('cmmtic0om00139k1h29fraatq', 'cmmtic0om000s9k1h32g2k0ze', '>=15°C', 0.02245268247709283, 0.02, -0.01745268247709286);
INSERT INTO model_runs (id, market_id, run_at, model_version, best_bin, edge, trade_score, decision, recommended_position, timing_score, weather_score, data_quality_score, explanation, risk_flags_json, raw_features_json) VALUES ('cmmtiabpk007a9kmulwyqpdyo', 'cmmt1z4av00009kcwd4p2git1', '2026-03-16T18:17:35.433Z', 'shanghai-rule-v1', '13°C', 0.1399526005712436, 63.79, 'WATCH', 0, 26.9, 36.6, 100, '目标日全天最高温预测约 12°C，峰值前两小时升温 0.8°C，时间窗口评分 27。模型对 13°C 的判断已计入价格，最高温目标温度按 12°C 进行全局联动约束（仅目标bin允许YES，其余为NO）。可交易净Edge约 14.0%，优先方向为 NO，对应胜率约 83%。 天气稳定度 37，数据质量 100，综合建议观察。
EN: Forecast max temperature for target day is about 12°C, with 0.8°C rise in the 2 hours before peak and timing score 27. Model view on 13°C is compared against market pricing; Global mutually-exclusive constraint is applied with target temperature 12°C (only target bin can be YES; all others are NO). Tradable net edge is about 14.0%, preferred side is NO with estimated win-rate 83%. Weather stability is 37 and data quality is 100. Overall recommendation: WATCH.', '["precipitation_risk","cloud_risk","market_already_priced","low_weather_maturity","suppressed_heating"]', '{"currentTemp":10,"maxTempSoFar":12,"todayMaxTemp":10,"isTargetDateToday":true,"recommendedSide":"NO","reasonZh":"目标日全天最高温预测约 12°C，峰值前两小时升温 0.8°C，时间窗口评分 27。模型对 13°C 的判断已计入价格，最高温目标温度按 12°C 进行全局联动约束（仅目标bin允许YES，其余为NO）。可交易净Edge约 14.0%，优先方向为 NO，对应胜率约 83%。 天气稳定度 37，数据质量 100，综合建议观察。","reasonEn":"Forecast max temperature for target day is about 12°C, with 0.8°C rise in the 2 hours before peak and timing score 27. Model view on 13°C is compared against market pricing; Global mutually-exclusive constraint is applied with target temperature 12°C (only target bin can be YES; all others are NO). Tradable net edge is about 14.0%, preferred side is NO with estimated win-rate 83%. Weather stability is 37 and data quality is 100. Overall recommendation: WATCH.","weatherMaturityScore":43,"scenarioTag":"suppressed_heating","learnedPeakWindow":{"startHour":10.5,"endHour":14.5,"medianHour":12,"sampleDays":30,"method":"wunderground_30d_history"},"calibratedFusedTemp":12,"fusedContinuous":11.62,"fusedAnchor":12,"settlementMean":11.785905492033368,"mostLikelyInteger":12,"modelSigma":1.7600000000000002,"sourceCalibration":[],"dailyDecision":{"mode":"realtime","isOfficial":false,"dateKey":"2026-03-17","lockAt":null}}');
INSERT INTO model_bin_outputs (id, model_run_id, outcome_label, model_probability, market_price, edge) VALUES ('cmmtiabpk007b9kmusbgi8h0d', 'cmmtiabpk007a9kmulwyqpdyo', '<=5°C', 0, 0.001, -0.009500000000000055);
INSERT INTO model_bin_outputs (id, model_run_id, outcome_label, model_probability, market_price, edge) VALUES ('cmmtiabpk007c9kmuon88eemx', 'cmmtiabpk007a9kmulwyqpdyo', '6°C', 0, 0.001, -0.009500000000000055);
INSERT INTO model_bin_outputs (id, model_run_id, outcome_label, model_probability, market_price, edge) VALUES ('cmmtiabpk007d9kmu73nlblrj', 'cmmtiabpk007a9kmulwyqpdyo', '7°C', 0, 0.001, -0.009500000000000055);
INSERT INTO model_bin_outputs (id, model_run_id, outcome_label, model_probability, market_price, edge) VALUES ('cmmtiabpk007e9kmuso8a1xkn', 'cmmtiabpk007a9kmulwyqpdyo', '8°C', 0, 0.001, -0.009500000000000055);
INSERT INTO model_bin_outputs (id, model_run_id, outcome_label, model_probability, market_price, edge) VALUES ('cmmtiabpk007f9kmunzwqubkd', 'cmmtiabpk007a9kmulwyqpdyo', '9°C', 0, 0.001, -0.009500000000000055);
INSERT INTO model_bin_outputs (id, model_run_id, outcome_label, model_probability, market_price, edge) VALUES ('cmmtiabpl007g9kmuyj0yhevj', 'cmmtiabpk007a9kmulwyqpdyo', '10°C', 0.1573024948996311, 0.024, -0.1468024948996312);
INSERT INTO model_bin_outputs (id, model_run_id, outcome_label, model_probability, market_price, edge) VALUES ('cmmtiabpl007h9kmuwduabmyo', 'cmmtiabpk007a9kmulwyqpdyo', '11°C', 0.2620764913904119, 0.08, -0.2020764913904119);
INSERT INTO model_bin_outputs (id, model_run_id, outcome_label, model_probability, market_price, edge) VALUES ('cmmtiabpl007i9kmu4y9q885d', 'cmmtiabpk007a9kmulwyqpdyo', '12°C', 0.3307359038986909, 0.56, -0.2392640961013092);
INSERT INTO model_bin_outputs (id, model_run_id, outcome_label, model_probability, market_price, edge) VALUES ('cmmtiabpl007j9kmuvmy5a272', 'cmmtiabpk007a9kmulwyqpdyo', '13°C', 0.1650473994287564, 0.33, 0.1399526005712436);
INSERT INTO model_bin_outputs (id, model_run_id, outcome_label, model_probability, market_price, edge) VALUES ('cmmtiabpl007k9kmuoti4mjqu', 'cmmtiabpk007a9kmulwyqpdyo', '14°C', 0.06238502790541692, 0.027, -0.04938502790541687);
INSERT INTO model_bin_outputs (id, model_run_id, outcome_label, model_probability, market_price, edge) VALUES ('cmmtiabpl007l9kmu28sn96zt', 'cmmtiabpk007a9kmulwyqpdyo', '>=15°C', 0.02245268247709283, 0.02, -0.01745268247709286);
INSERT INTO model_runs (id, market_id, run_at, model_version, best_bin, edge, trade_score, decision, recommended_position, timing_score, weather_score, data_quality_score, explanation, risk_flags_json, raw_features_json) VALUES ('cmmti68ol00549kmu35t7wdm0', 'cmmt1z4av00009kcwd4p2git1', '2026-03-16T18:14:24.885Z', 'shanghai-rule-v1', '13°C', 0.1499526005712436, 63.79, 'WATCH', 0, 26.9, 36.6, 100, '目标日全天最高温预测约 12°C，峰值前两小时升温 0.8°C，时间窗口评分 27。模型对 13°C 的判断已计入价格，最高温目标温度按 12°C 进行全局联动约束（仅目标bin允许YES，其余为NO）。可交易净Edge约 15.0%，优先方向为 NO，对应胜率约 83%。 天气稳定度 37，数据质量 100，综合建议观察。
EN: Forecast max temperature for target day is about 12°C, with 0.8°C rise in the 2 hours before peak and timing score 27. Model view on 13°C is compared against market pricing; Global mutually-exclusive constraint is applied with target temperature 12°C (only target bin can be YES; all others are NO). Tradable net edge is about 15.0%, preferred side is NO with estimated win-rate 83%. Weather stability is 37 and data quality is 100. Overall recommendation: WATCH.', '["precipitation_risk","cloud_risk","market_already_priced","low_weather_maturity","suppressed_heating"]', '{"currentTemp":10,"maxTempSoFar":12,"todayMaxTemp":10,"isTargetDateToday":true,"recommendedSide":"NO","reasonZh":"目标日全天最高温预测约 12°C，峰值前两小时升温 0.8°C，时间窗口评分 27。模型对 13°C 的判断已计入价格，最高温目标温度按 12°C 进行全局联动约束（仅目标bin允许YES，其余为NO）。可交易净Edge约 15.0%，优先方向为 NO，对应胜率约 83%。 天气稳定度 37，数据质量 100，综合建议观察。","reasonEn":"Forecast max temperature for target day is about 12°C, with 0.8°C rise in the 2 hours before peak and timing score 27. Model view on 13°C is compared against market pricing; Global mutually-exclusive constraint is applied with target temperature 12°C (only target bin can be YES; all others are NO). Tradable net edge is about 15.0%, preferred side is NO with estimated win-rate 83%. Weather stability is 37 and data quality is 100. Overall recommendation: WATCH.","weatherMaturityScore":43,"scenarioTag":"suppressed_heating","learnedPeakWindow":{"startHour":10.5,"endHour":14.5,"medianHour":12,"sampleDays":30,"method":"wunderground_30d_history"},"calibratedFusedTemp":12,"fusedContinuous":11.62,"fusedAnchor":12,"settlementMean":11.785905492033368,"mostLikelyInteger":12,"modelSigma":1.7600000000000002,"sourceCalibration":[],"dailyDecision":{"mode":"realtime","isOfficial":false,"dateKey":"2026-03-17","lockAt":null}}');
INSERT INTO model_bin_outputs (id, model_run_id, outcome_label, model_probability, market_price, edge) VALUES ('cmmti68ol00559kmuap69rtiq', 'cmmti68ol00549kmu35t7wdm0', '<=5°C', 0, 0.001, -0.009500000000000055);
INSERT INTO model_bin_outputs (id, model_run_id, outcome_label, model_probability, market_price, edge) VALUES ('cmmti68ol00569kmul5dzwbl6', 'cmmti68ol00549kmu35t7wdm0', '6°C', 0, 0.001, -0.009500000000000055);
INSERT INTO model_bin_outputs (id, model_run_id, outcome_label, model_probability, market_price, edge) VALUES ('cmmti68ol00579kmug6jeaiv5', 'cmmti68ol00549kmu35t7wdm0', '7°C', 0, 0.001, -0.009500000000000055);
INSERT INTO model_bin_outputs (id, model_run_id, outcome_label, model_probability, market_price, edge) VALUES ('cmmti68ol00589kmugh2v44mh', 'cmmti68ol00549kmu35t7wdm0', '8°C', 0, 0.001, -0.009500000000000055);
INSERT INTO model_bin_outputs (id, model_run_id, outcome_label, model_probability, market_price, edge) VALUES ('cmmti68ol00599kmuqnabzunb', 'cmmti68ol00549kmu35t7wdm0', '9°C', 0, 0.001, -0.009500000000000055);
INSERT INTO model_bin_outputs (id, model_run_id, outcome_label, model_probability, market_price, edge) VALUES ('cmmti68ol005a9kmuy6orfibs', 'cmmti68ol00549kmu35t7wdm0', '10°C', 0.1573024948996311, 0.024, -0.1503024948996311);
INSERT INTO model_bin_outputs (id, model_run_id, outcome_label, model_probability, market_price, edge) VALUES ('cmmti68ol005b9kmuph47i3vq', 'cmmti68ol00549kmu35t7wdm0', '11°C', 0.2620764913904119, 0.08, -0.2020764913904119);
INSERT INTO model_bin_outputs (id, model_run_id, outcome_label, model_probability, market_price, edge) VALUES ('cmmti68ol005c9kmupjwuvk7h', 'cmmti68ol00549kmu35t7wdm0', '12°C', 0.3307359038986909, 0.56, -0.2392640961013092);
INSERT INTO model_bin_outputs (id, model_run_id, outcome_label, model_probability, market_price, edge) VALUES ('cmmti68ol005d9kmulcsm74zh', 'cmmti68ol00549kmu35t7wdm0', '13°C', 0.1650473994287564, 0.33, 0.1499526005712436);
INSERT INTO model_bin_outputs (id, model_run_id, outcome_label, model_probability, market_price, edge) VALUES ('cmmti68ol005e9kmuz05ea0qg', 'cmmti68ol00549kmu35t7wdm0', '14°C', 0.06238502790541692, 0.027, -0.04638502790541687);
INSERT INTO model_bin_outputs (id, model_run_id, outcome_label, model_probability, market_price, edge) VALUES ('cmmti68ol005f9kmua8rbueyn', 'cmmti68ol00549kmu35t7wdm0', '>=15°C', 0.02245268247709283, 0.02, -0.01745268247709286);
INSERT INTO model_runs (id, market_id, run_at, model_version, best_bin, edge, trade_score, decision, recommended_position, timing_score, weather_score, data_quality_score, explanation, risk_flags_json, raw_features_json) VALUES ('cmmthztch002y9kmuhru525x3', 'cmmt1z4av00009kcwd4p2git1', '2026-03-16T18:09:25.073Z', 'shanghai-rule-v1', '13°C', 0.1749526005712436, 63.79, 'WATCH', 0, 26.9, 36.6, 100, '目标日全天最高温预测约 12°C，峰值前两小时升温 0.8°C，时间窗口评分 27。模型对 13°C 的判断已计入价格，最高温目标温度按 12°C 进行全局联动约束（仅目标bin允许YES，其余为NO）。可交易净Edge约 17.5%，优先方向为 NO，对应胜率约 83%。 天气稳定度 37，数据质量 100，综合建议观察。
EN: Forecast max temperature for target day is about 12°C, with 0.8°C rise in the 2 hours before peak and timing score 27. Model view on 13°C is compared against market pricing; Global mutually-exclusive constraint is applied with target temperature 12°C (only target bin can be YES; all others are NO). Tradable net edge is about 17.5%, preferred side is NO with estimated win-rate 83%. Weather stability is 37 and data quality is 100. Overall recommendation: WATCH.', '["precipitation_risk","cloud_risk","market_already_priced","low_weather_maturity","suppressed_heating"]', '{"currentTemp":10,"maxTempSoFar":12,"todayMaxTemp":10,"isTargetDateToday":true,"recommendedSide":"NO","reasonZh":"目标日全天最高温预测约 12°C，峰值前两小时升温 0.8°C，时间窗口评分 27。模型对 13°C 的判断已计入价格，最高温目标温度按 12°C 进行全局联动约束（仅目标bin允许YES，其余为NO）。可交易净Edge约 17.5%，优先方向为 NO，对应胜率约 83%。 天气稳定度 37，数据质量 100，综合建议观察。","reasonEn":"Forecast max temperature for target day is about 12°C, with 0.8°C rise in the 2 hours before peak and timing score 27. Model view on 13°C is compared against market pricing; Global mutually-exclusive constraint is applied with target temperature 12°C (only target bin can be YES; all others are NO). Tradable net edge is about 17.5%, preferred side is NO with estimated win-rate 83%. Weather stability is 37 and data quality is 100. Overall recommendation: WATCH.","weatherMaturityScore":43,"scenarioTag":"suppressed_heating","learnedPeakWindow":{"startHour":10.5,"endHour":14.5,"medianHour":12,"sampleDays":30,"method":"wunderground_30d_history"},"calibratedFusedTemp":12,"fusedContinuous":11.62,"fusedAnchor":12,"settlementMean":11.785905492033368,"mostLikelyInteger":12,"modelSigma":1.7600000000000002,"sourceCalibration":[],"dailyDecision":{"mode":"realtime","isOfficial":false,"dateKey":"2026-03-17","lockAt":null}}');
INSERT INTO model_bin_outputs (id, model_run_id, outcome_label, model_probability, market_price, edge) VALUES ('cmmthztch002z9kmup7qnfonb', 'cmmthztch002y9kmuhru525x3', '<=5°C', 0, 0.001, -0.009500000000000055);
INSERT INTO model_bin_outputs (id, model_run_id, outcome_label, model_probability, market_price, edge) VALUES ('cmmthztch00309kmut4fcbj18', 'cmmthztch002y9kmuhru525x3', '6°C', 0, 0.001, -0.009500000000000055);
INSERT INTO model_bin_outputs (id, model_run_id, outcome_label, model_probability, market_price, edge) VALUES ('cmmthztch00319kmu942zt2ts', 'cmmthztch002y9kmuhru525x3', '7°C', 0, 0.001, -0.009500000000000055);
INSERT INTO model_bin_outputs (id, model_run_id, outcome_label, model_probability, market_price, edge) VALUES ('cmmthztch00329kmuzgj9nbu4', 'cmmthztch002y9kmuhru525x3', '8°C', 0, 0.001, -0.009500000000000055);
INSERT INTO model_bin_outputs (id, model_run_id, outcome_label, model_probability, market_price, edge) VALUES ('cmmthztch00339kmu0mxqcl0h', 'cmmthztch002y9kmuhru525x3', '9°C', 0, 0.001, -0.009500000000000055);
INSERT INTO model_bin_outputs (id, model_run_id, outcome_label, model_probability, market_price, edge) VALUES ('cmmthztch00349kmu2plnvk44', 'cmmthztch002y9kmuhru525x3', '10°C', 0.1573024948996311, 0.023, -0.1503024948996311);
INSERT INTO model_bin_outputs (id, model_run_id, outcome_label, model_probability, market_price, edge) VALUES ('cmmthztch00359kmu7fbukors', 'cmmthztch002y9kmuhru525x3', '11°C', 0.2620764913904119, 0.08, -0.2020764913904119);
INSERT INTO model_bin_outputs (id, model_run_id, outcome_label, model_probability, market_price, edge) VALUES ('cmmthztch00369kmu0odgv3uq', 'cmmthztch002y9kmuhru525x3', '12°C', 0.3307359038986909, 0.56, -0.2392640961013092);
INSERT INTO model_bin_outputs (id, model_run_id, outcome_label, model_probability, market_price, edge) VALUES ('cmmthztch00379kmu3upe23o5', 'cmmthztch002y9kmuhru525x3', '13°C', 0.1650473994287564, 0.36, 0.1749526005712436);
INSERT INTO model_bin_outputs (id, model_run_id, outcome_label, model_probability, market_price, edge) VALUES ('cmmthztch00389kmuz44gvq5x', 'cmmthztch002y9kmuhru525x3', '14°C', 0.06238502790541692, 0.024, -0.04988502790541693);
INSERT INTO model_bin_outputs (id, model_run_id, outcome_label, model_probability, market_price, edge) VALUES ('cmmthztch00399kmuhelzw3s7', 'cmmthztch002y9kmuhru525x3', '>=15°C', 0.02245268247709283, 0.029, -0.004952682477092898);
INSERT INTO model_runs (id, market_id, run_at, model_version, best_bin, edge, trade_score, decision, recommended_position, timing_score, weather_score, data_quality_score, explanation, risk_flags_json, raw_features_json) VALUES ('cmmthrhqf000s9kmurlxjgod8', 'cmmt1z4av00009kcwd4p2git1', '2026-03-16T18:02:56.775Z', 'shanghai-rule-v1', '13°C', 0.1528568296162311, 63.79, 'WATCH', 0, 26.9, 36.6, 100, '目标日全天最高温预测约 12°C，峰值前两小时升温 0.8°C，时间窗口评分 27。模型对 13°C 的判断已计入价格，最高温目标温度按 12°C 进行全局联动约束（仅目标bin允许YES，其余为NO）。可交易净Edge约 15.3%，优先方向为 NO，对应胜率约 84%。 天气稳定度 37，数据质量 100，综合建议观察。
EN: Forecast max temperature for target day is about 12°C, with 0.8°C rise in the 2 hours before peak and timing score 27. Model view on 13°C is compared against market pricing; Global mutually-exclusive constraint is applied with target temperature 12°C (only target bin can be YES; all others are NO). Tradable net edge is about 15.3%, preferred side is NO with estimated win-rate 84%. Weather stability is 37 and data quality is 100. Overall recommendation: WATCH.', '["precipitation_risk","cloud_risk","market_already_priced","low_weather_maturity","suppressed_heating"]', '{"currentTemp":10,"maxTempSoFar":12,"todayMaxTemp":10,"isTargetDateToday":true,"recommendedSide":"NO","reasonZh":"目标日全天最高温预测约 12°C，峰值前两小时升温 0.8°C，时间窗口评分 27。模型对 13°C 的判断已计入价格，最高温目标温度按 12°C 进行全局联动约束（仅目标bin允许YES，其余为NO）。可交易净Edge约 15.3%，优先方向为 NO，对应胜率约 84%。 天气稳定度 37，数据质量 100，综合建议观察。","reasonEn":"Forecast max temperature for target day is about 12°C, with 0.8°C rise in the 2 hours before peak and timing score 27. Model view on 13°C is compared against market pricing; Global mutually-exclusive constraint is applied with target temperature 12°C (only target bin can be YES; all others are NO). Tradable net edge is about 15.3%, preferred side is NO with estimated win-rate 84%. Weather stability is 37 and data quality is 100. Overall recommendation: WATCH.","weatherMaturityScore":43,"scenarioTag":"suppressed_heating","learnedPeakWindow":{"startHour":10.5,"endHour":14.5,"medianHour":12,"sampleDays":30,"method":"wunderground_30d_history"},"calibratedFusedTemp":12,"fusedContinuous":11.56,"fusedAnchor":12,"settlementMean":11.764233591732884,"mostLikelyInteger":12,"modelSigma":1.7600000000000002,"sourceCalibration":[],"dailyDecision":{"mode":"realtime","isOfficial":false,"dateKey":"2026-03-17","lockAt":null}}');
INSERT INTO model_bin_outputs (id, model_run_id, outcome_label, model_probability, market_price, edge) VALUES ('cmmthrhqf000t9kmu2rw9kbx9', 'cmmthrhqf000s9kmurlxjgod8', '<=5°C', 0, 0.001, -0.009500000000000055);
INSERT INTO model_bin_outputs (id, model_run_id, outcome_label, model_probability, market_price, edge) VALUES ('cmmthrhqf000u9kmurqyq7p0h', 'cmmthrhqf000s9kmurlxjgod8', '6°C', 0, 0.001, -0.009500000000000055);
INSERT INTO model_bin_outputs (id, model_run_id, outcome_label, model_probability, market_price, edge) VALUES ('cmmthrhqf000v9kmubk7t70q6', 'cmmthrhqf000s9kmurlxjgod8', '7°C', 0, 0.001, -0.009500000000000055);
INSERT INTO model_bin_outputs (id, model_run_id, outcome_label, model_probability, market_price, edge) VALUES ('cmmthrhqf000w9kmu5ul21jjx', 'cmmthrhqf000s9kmurlxjgod8', '8°C', 0, 0.001, -0.009500000000000055);
INSERT INTO model_bin_outputs (id, model_run_id, outcome_label, model_probability, market_price, edge) VALUES ('cmmthrhqf000x9kmulsb53wb3', 'cmmthrhqf000s9kmurlxjgod8', '9°C', 0, 0.001, -0.009500000000000055);
INSERT INTO model_bin_outputs (id, model_run_id, outcome_label, model_probability, market_price, edge) VALUES ('cmmthrhqf000y9kmujavtz7ef', 'cmmthrhqf000s9kmurlxjgod8', '10°C', 0.1614023095853538, 0.025, -0.1534023095853538);
INSERT INTO model_bin_outputs (id, model_run_id, outcome_label, model_probability, market_price, edge) VALUES ('cmmthrhqf000z9kmukssxop9q', 'cmmthrhqf000s9kmurlxjgod8', '11°C', 0.2650368455288024, 0.08, -0.2050368455288024);
INSERT INTO model_bin_outputs (id, model_run_id, outcome_label, model_probability, market_price, edge) VALUES ('cmmthrhqf00109kmuwpk7pltr', 'cmmthrhqf000s9kmurlxjgod8', '12°C', 0.3296603847425388, 0.56, -0.2403396152574612);
INSERT INTO model_bin_outputs (id, model_run_id, outcome_label, model_probability, market_price, edge) VALUES ('cmmthrhqf00119kmuzq5b769i', 'cmmthrhqf000s9kmurlxjgod8', '13°C', 0.1621431703837688, 0.34, 0.1528568296162311);
INSERT INTO model_bin_outputs (id, model_run_id, outcome_label, model_probability, market_price, edge) VALUES ('cmmthrhqf00129kmuycmrx3i9', 'cmmthrhqf000s9kmurlxjgod8', '14°C', 0.06040477892530362, 0.024, -0.04840477892530359);
INSERT INTO model_bin_outputs (id, model_run_id, outcome_label, model_probability, market_price, edge) VALUES ('cmmthrhqf00139kmuv37ef2l6', 'cmmthrhqf000s9kmurlxjgod8', '>=15°C', 0.02135251083423265, 0.026, -0.01085251083423266);
INSERT INTO model_runs (id, market_id, run_at, model_version, best_bin, edge, trade_score, decision, recommended_position, timing_score, weather_score, data_quality_score, explanation, risk_flags_json, raw_features_json) VALUES ('cmmth9mv8000s9k5ze0zaalm7', 'cmmt1z4av00009kcwd4p2git1', '2026-03-16T17:49:03.621Z', 'shanghai-rule-v1', '13°C', 0.1377497323556032, 69.06, 'WATCH', 0, 32.3, 56.2, 100, '目标日全天最高温预测约 12°C，峰值前两小时升温 0.8°C，时间窗口评分 32。模型对 13°C 的判断已计入价格，最高温目标温度按 12°C 进行全局联动约束（仅目标bin允许YES，其余为NO）。可交易净Edge约 13.8%，优先方向为 NO，对应胜率约 79%。 天气稳定度 56，数据质量 100，综合建议观察。
EN: Forecast max temperature for target day is about 12°C, with 0.8°C rise in the 2 hours before peak and timing score 32. Model view on 13°C is compared against market pricing; Global mutually-exclusive constraint is applied with target temperature 12°C (only target bin can be YES; all others are NO). Tradable net edge is about 13.8%, preferred side is NO with estimated win-rate 79%. Weather stability is 56 and data quality is 100. Overall recommendation: WATCH.', '["cloud_risk","market_already_priced","suppressed_heating"]', '{"currentTemp":10,"maxTempSoFar":12,"todayMaxTemp":10,"isTargetDateToday":true,"recommendedSide":"NO","reasonZh":"目标日全天最高温预测约 12°C，峰值前两小时升温 0.8°C，时间窗口评分 32。模型对 13°C 的判断已计入价格，最高温目标温度按 12°C 进行全局联动约束（仅目标bin允许YES，其余为NO）。可交易净Edge约 13.8%，优先方向为 NO，对应胜率约 79%。 天气稳定度 56，数据质量 100，综合建议观察。","reasonEn":"Forecast max temperature for target day is about 12°C, with 0.8°C rise in the 2 hours before peak and timing score 32. Model view on 13°C is compared against market pricing; Global mutually-exclusive constraint is applied with target temperature 12°C (only target bin can be YES; all others are NO). Tradable net edge is about 13.8%, preferred side is NO with estimated win-rate 79%. Weather stability is 56 and data quality is 100. Overall recommendation: WATCH.","weatherMaturityScore":61,"scenarioTag":"suppressed_heating","learnedPeakWindow":{"startHour":10.5,"endHour":14.5,"medianHour":12,"sampleDays":30,"method":"wunderground_30d_history"},"calibratedFusedTemp":12,"fusedContinuous":11.56,"fusedAnchor":12,"settlementMean":12,"mostLikelyInteger":12,"modelSigma":1.7600000000000002,"sourceCalibration":[],"dailyDecision":{"mode":"realtime","isOfficial":false,"dateKey":"2026-03-17","lockAt":null}}');
INSERT INTO model_bin_outputs (id, model_run_id, outcome_label, model_probability, market_price, edge) VALUES ('cmmth9mv8000t9k5zvmmcvxim', 'cmmth9mv8000s9k5ze0zaalm7', '<=5°C', 0, 0.001, -0.009500000000000055);
INSERT INTO model_bin_outputs (id, model_run_id, outcome_label, model_probability, market_price, edge) VALUES ('cmmth9mv8000u9k5zhacet2c4', 'cmmth9mv8000s9k5ze0zaalm7', '6°C', 0, 0.001, -0.009500000000000055);
INSERT INTO model_bin_outputs (id, model_run_id, outcome_label, model_probability, market_price, edge) VALUES ('cmmth9mv8000v9k5z90v2axq6', 'cmmth9mv8000s9k5ze0zaalm7', '7°C', 0, 0.001, -0.009500000000000055);
INSERT INTO model_bin_outputs (id, model_run_id, outcome_label, model_probability, market_price, edge) VALUES ('cmmth9mv8000w9k5zkn4n0h4q', 'cmmth9mv8000s9k5ze0zaalm7', '8°C', 0, 0.001, -0.009500000000000055);
INSERT INTO model_bin_outputs (id, model_run_id, outcome_label, model_probability, market_price, edge) VALUES ('cmmth9mv8000x9k5zwmluh632', 'cmmth9mv8000s9k5ze0zaalm7', '9°C', 0, 0.001, -0.009500000000000055);
INSERT INTO model_bin_outputs (id, model_run_id, outcome_label, model_probability, market_price, edge) VALUES ('cmmth9mv8000y9k5zgua8m1gj', 'cmmth9mv8000s9k5ze0zaalm7', '10°C', 0.1293488666906729, 0.024, -0.1218488666906729);
INSERT INTO model_bin_outputs (id, model_run_id, outcome_label, model_probability, market_price, edge) VALUES ('cmmth9mv8000z9k5zm3btp0ca', 'cmmth9mv8000s9k5ze0zaalm7', '11°C', 0.2072502676443969, 0.08, -0.147250267644397);
INSERT INTO model_bin_outputs (id, model_run_id, outcome_label, model_probability, market_price, edge) VALUES ('cmmth9mv800109k5zlwwdh8ex', 'cmmth9mv8000s9k5ze0zaalm7', '12°C', 0.2425114480554603, 0.56, -0.3274885519445397);
INSERT INTO model_bin_outputs (id, model_run_id, outcome_label, model_probability, market_price, edge) VALUES ('cmmth9mv800119k5z4pp9wkok', 'cmmth9mv8000s9k5ze0zaalm7', '13°C', 0.2072502676443967, 0.36, 0.1377497323556032);
INSERT INTO model_bin_outputs (id, model_run_id, outcome_label, model_probability, market_price, edge) VALUES ('cmmth9mv800129k5z8z4c1i08', 'cmmth9mv8000s9k5ze0zaalm7', '14°C', 0.129348866690673, 0.024, -0.117348866690673);
INSERT INTO model_bin_outputs (id, model_run_id, outcome_label, model_probability, market_price, edge) VALUES ('cmmth9mv900139k5zgjz5ftwn', 'cmmth9mv8000s9k5ze0zaalm7', '>=15°C', 0.08429028327440012, 0.022, -0.07579028327440017);
INSERT INTO snapshots (id, market_id, model_run_id, captured_at, market_prices_json, weather_features_json, model_output_json, trading_output_json, explanation_text, risk_flags_json) VALUES ('cmmtksyxv00159kdilemhbhs4', 'cmmt1z4av00009kcwd4p2git1', 'cmmtksyxo000s9kdiz9b770ry', '2026-03-16T19:28:04.574Z', '{}', '{}', '{}', '{}', '严格模式已触发：天气数据源不完整（缺失：open_meteo），系统禁止给出交易推荐，强制 PASS，仓位为 0。
EN: Strict mode triggered: weather sources are incomplete (missing: open_meteo). Trading recommendation is blocked, forced PASS with zero position.', '[]');
INSERT INTO snapshots (id, market_id, model_run_id, captured_at, market_prices_json, weather_features_json, model_output_json, trading_output_json, explanation_text, risk_flags_json) VALUES ('cmmtk807s00159ksstn2sl3ff', 'cmmt1z4av00009kcwd4p2git1', 'cmmtk807q000s9ksse8veuew0', '2026-03-16T19:11:46.455Z', '{}', '{}', '{}', '{}', '目标日全天最高温预测约 12°C，峰值前两小时升温 0.3°C，时间窗口评分 23。模型对 13°C 的判断已计入价格，最高温目标温度按 12°C 进行全局联动约束（仅目标bin允许YES，其余为NO）。可交易净Edge约 14.3%，优先方向为 NO，对应胜率约 80%。 天气稳定度 34，数据质量 67，综合建议买入。
EN: Forecast max temperature for target day is about 12°C, with 0.3°C rise in the 2 hours before peak and timing score 23. Model view on 13°C is compared against market pricing; Global mutually-exclusive constraint is applied with target temperature 12°C (only target bin can be YES; all others are NO). Tradable net edge is about 14.3%, preferred side is NO with estimated win-rate 80%. Weather stability is 34 and data quality is 67. Overall recommendation: BUY.', '[]');
INSERT INTO snapshots (id, market_id, model_run_id, captured_at, market_prices_json, weather_features_json, model_output_json, trading_output_json, explanation_text, risk_flags_json) VALUES ('cmmtifa18009t9kmunk9uuu21', 'cmmt1z4av00009kcwd4p2git1', 'cmmtifa16009g9kmute9z1qin', '2026-03-16T18:21:26.539Z', '{}', '{}', '{}', '{}', '目标日全天最高温预测约 12°C，峰值前两小时升温 0.8°C，时间窗口评分 27。模型对 13°C 的判断已计入价格，最高温目标温度按 12°C 进行全局联动约束（仅目标bin允许YES，其余为NO）。可交易净Edge约 11.4%，优先方向为 NO，对应胜率约 80%。 天气稳定度 37，数据质量 100，综合建议放弃。
EN: Forecast max temperature for target day is about 12°C, with 0.8°C rise in the 2 hours before peak and timing score 27. Model view on 13°C is compared against market pricing; Global mutually-exclusive constraint is applied with target temperature 12°C (only target bin can be YES; all others are NO). Tradable net edge is about 11.4%, preferred side is NO with estimated win-rate 80%. Weather stability is 37 and data quality is 100. Overall recommendation: PASS.', '[]');
INSERT INTO snapshots (id, market_id, model_run_id, captured_at, market_prices_json, weather_features_json, model_output_json, trading_output_json, explanation_text, risk_flags_json) VALUES ('cmmtidb2f00159ko3yhed2fbv', 'cmmt1z4av00009kcwd4p2git1', 'cmmtidb2d000s9ko3gv2r3vym', '2026-03-16T18:19:54.567Z', '{}', '{}', '{}', '{}', '目标日全天最高温预测约 12°C，峰值前两小时升温 0.8°C，时间窗口评分 27。模型对 13°C 的判断已计入价格，最高温目标温度按 12°C 进行全局联动约束（仅目标bin允许YES，其余为NO）。可交易净Edge约 10.9%，优先方向为 NO，对应胜率约 80%。 天气稳定度 37，数据质量 100，综合建议放弃。
EN: Forecast max temperature for target day is about 12°C, with 0.8°C rise in the 2 hours before peak and timing score 27. Model view on 13°C is compared against market pricing; Global mutually-exclusive constraint is applied with target temperature 12°C (only target bin can be YES; all others are NO). Tradable net edge is about 10.9%, preferred side is NO with estimated win-rate 80%. Weather stability is 37 and data quality is 100. Overall recommendation: PASS.', '[]');
INSERT INTO snapshots (id, market_id, model_run_id, captured_at, market_prices_json, weather_features_json, model_output_json, trading_output_json, explanation_text, risk_flags_json) VALUES ('cmmtic0oo00159k1hl2725jn9', 'cmmt1z4av00009kcwd4p2git1', 'cmmtic0om000s9k1h32g2k0ze', '2026-03-16T18:18:54.455Z', '{}', '{}', '{}', '{}', '目标日全天最高温预测约 12°C，峰值前两小时升温 0.8°C，时间窗口评分 27。模型对 13°C 的判断已计入价格，最高温目标温度按 12°C 进行全局联动约束（仅目标bin允许YES，其余为NO）。可交易净Edge约 14.0%，优先方向为 NO，对应胜率约 83%。 天气稳定度 37，数据质量 100，综合建议观察。
EN: Forecast max temperature for target day is about 12°C, with 0.8°C rise in the 2 hours before peak and timing score 27. Model view on 13°C is compared against market pricing; Global mutually-exclusive constraint is applied with target temperature 12°C (only target bin can be YES; all others are NO). Tradable net edge is about 14.0%, preferred side is NO with estimated win-rate 83%. Weather stability is 37 and data quality is 100. Overall recommendation: WATCH.', '[]');
INSERT INTO snapshots (id, market_id, model_run_id, captured_at, market_prices_json, weather_features_json, model_output_json, trading_output_json, explanation_text, risk_flags_json) VALUES ('cmmtiabpm007n9kmufxduo611', 'cmmt1z4av00009kcwd4p2git1', 'cmmtiabpk007a9kmulwyqpdyo', '2026-03-16T18:17:35.434Z', '{}', '{}', '{}', '{}', '目标日全天最高温预测约 12°C，峰值前两小时升温 0.8°C，时间窗口评分 27。模型对 13°C 的判断已计入价格，最高温目标温度按 12°C 进行全局联动约束（仅目标bin允许YES，其余为NO）。可交易净Edge约 14.0%，优先方向为 NO，对应胜率约 83%。 天气稳定度 37，数据质量 100，综合建议观察。
EN: Forecast max temperature for target day is about 12°C, with 0.8°C rise in the 2 hours before peak and timing score 27. Model view on 13°C is compared against market pricing; Global mutually-exclusive constraint is applied with target temperature 12°C (only target bin can be YES; all others are NO). Tradable net edge is about 14.0%, preferred side is NO with estimated win-rate 83%. Weather stability is 37 and data quality is 100. Overall recommendation: WATCH.', '[]');
INSERT INTO snapshots (id, market_id, model_run_id, captured_at, market_prices_json, weather_features_json, model_output_json, trading_output_json, explanation_text, risk_flags_json) VALUES ('cmmti68on005h9kmul4aekuhb', 'cmmt1z4av00009kcwd4p2git1', 'cmmti68ol00549kmu35t7wdm0', '2026-03-16T18:14:24.886Z', '{}', '{}', '{}', '{}', '目标日全天最高温预测约 12°C，峰值前两小时升温 0.8°C，时间窗口评分 27。模型对 13°C 的判断已计入价格，最高温目标温度按 12°C 进行全局联动约束（仅目标bin允许YES，其余为NO）。可交易净Edge约 15.0%，优先方向为 NO，对应胜率约 83%。 天气稳定度 37，数据质量 100，综合建议观察。
EN: Forecast max temperature for target day is about 12°C, with 0.8°C rise in the 2 hours before peak and timing score 27. Model view on 13°C is compared against market pricing; Global mutually-exclusive constraint is applied with target temperature 12°C (only target bin can be YES; all others are NO). Tradable net edge is about 15.0%, preferred side is NO with estimated win-rate 83%. Weather stability is 37 and data quality is 100. Overall recommendation: WATCH.', '[]');
INSERT INTO snapshots (id, market_id, model_run_id, captured_at, market_prices_json, weather_features_json, model_output_json, trading_output_json, explanation_text, risk_flags_json) VALUES ('cmmthztck003b9kmunrmrrbbl', 'cmmt1z4av00009kcwd4p2git1', 'cmmthztch002y9kmuhru525x3', '2026-03-16T18:09:25.075Z', '{}', '{}', '{}', '{}', '目标日全天最高温预测约 12°C，峰值前两小时升温 0.8°C，时间窗口评分 27。模型对 13°C 的判断已计入价格，最高温目标温度按 12°C 进行全局联动约束（仅目标bin允许YES，其余为NO）。可交易净Edge约 17.5%，优先方向为 NO，对应胜率约 83%。 天气稳定度 37，数据质量 100，综合建议观察。
EN: Forecast max temperature for target day is about 12°C, with 0.8°C rise in the 2 hours before peak and timing score 27. Model view on 13°C is compared against market pricing; Global mutually-exclusive constraint is applied with target temperature 12°C (only target bin can be YES; all others are NO). Tradable net edge is about 17.5%, preferred side is NO with estimated win-rate 83%. Weather stability is 37 and data quality is 100. Overall recommendation: WATCH.', '[]');
INSERT INTO snapshots (id, market_id, model_run_id, captured_at, market_prices_json, weather_features_json, model_output_json, trading_output_json, explanation_text, risk_flags_json) VALUES ('cmmthrhqg00159kmuufahmwog', 'cmmt1z4av00009kcwd4p2git1', 'cmmthrhqf000s9kmurlxjgod8', '2026-03-16T18:02:56.776Z', '{}', '{}', '{}', '{}', '目标日全天最高温预测约 12°C，峰值前两小时升温 0.8°C，时间窗口评分 27。模型对 13°C 的判断已计入价格，最高温目标温度按 12°C 进行全局联动约束（仅目标bin允许YES，其余为NO）。可交易净Edge约 15.3%，优先方向为 NO，对应胜率约 84%。 天气稳定度 37，数据质量 100，综合建议观察。
EN: Forecast max temperature for target day is about 12°C, with 0.8°C rise in the 2 hours before peak and timing score 27. Model view on 13°C is compared against market pricing; Global mutually-exclusive constraint is applied with target temperature 12°C (only target bin can be YES; all others are NO). Tradable net edge is about 15.3%, preferred side is NO with estimated win-rate 84%. Weather stability is 37 and data quality is 100. Overall recommendation: WATCH.', '[]');
INSERT INTO snapshots (id, market_id, model_run_id, captured_at, market_prices_json, weather_features_json, model_output_json, trading_output_json, explanation_text, risk_flags_json) VALUES ('cmmth9mvb00159k5zqipk222z', 'cmmt1z4av00009kcwd4p2git1', 'cmmth9mv8000s9k5ze0zaalm7', '2026-03-16T17:49:03.622Z', '{}', '{}', '{}', '{}', '目标日全天最高温预测约 12°C，峰值前两小时升温 0.8°C，时间窗口评分 32。模型对 13°C 的判断已计入价格，最高温目标温度按 12°C 进行全局联动约束（仅目标bin允许YES，其余为NO）。可交易净Edge约 13.8%，优先方向为 NO，对应胜率约 79%。 天气稳定度 56，数据质量 100，综合建议观察。
EN: Forecast max temperature for target day is about 12°C, with 0.8°C rise in the 2 hours before peak and timing score 32. Model view on 13°C is compared against market pricing; Global mutually-exclusive constraint is applied with target temperature 12°C (only target bin can be YES; all others are NO). Tradable net edge is about 13.8%, preferred side is NO with estimated win-rate 79%. Weather stability is 56 and data quality is 100. Overall recommendation: WATCH.', '[]');
INSERT INTO snapshots (id, market_id, model_run_id, captured_at, market_prices_json, weather_features_json, model_output_json, trading_output_json, explanation_text, risk_flags_json) VALUES ('cmmth6r1r005h9kwnc9cvxxjc', 'cmmt1z4av00009kcwd4p2git1', 'cmmth6r1p00549kwns5npj4vx', '2026-03-16T17:46:49.071Z', '{}', '{}', '{}', '{}', '目标日全天最高温预测约 12°C，峰值前两小时升温 0.8°C，时间窗口评分 32。模型对 13°C 的判断已计入价格，最高温目标温度按 12°C 进行全局联动约束（仅目标bin允许YES，其余为NO）。可交易净Edge约 13.8%，优先方向为 NO，对应胜率约 79%。 天气稳定度 56，数据质量 100，综合建议观察。
EN: Forecast max temperature for target day is about 12°C, with 0.8°C rise in the 2 hours before peak and timing score 32. Model view on 13°C is compared against market pricing; Global mutually-exclusive constraint is applied with target temperature 12°C (only target bin can be YES; all others are NO). Tradable net edge is about 13.8%, preferred side is NO with estimated win-rate 79%. Weather stability is 56 and data quality is 100. Overall recommendation: WATCH.', '[]');
INSERT INTO snapshots (id, market_id, model_run_id, captured_at, market_prices_json, weather_features_json, model_output_json, trading_output_json, explanation_text, risk_flags_json) VALUES ('cmmth2p3q003b9kwnnucqhpbt', 'cmmt1z4av00009kcwd4p2git1', 'cmmth2p3o002y9kwnaq4nd33s', '2026-03-16T17:43:39.925Z', '{}', '{}', '{}', '{}', '目标日全天最高温预测约 12°C，峰值前两小时升温 0.8°C，时间窗口评分 32。模型对 13°C 的判断已计入价格，最高温目标温度按 12°C 进行全局联动约束（仅目标bin允许YES，其余为NO）。可交易净Edge约 14.3%，优先方向为 NO，对应胜率约 79%。 天气稳定度 56，数据质量 100，综合建议观察。
EN: Forecast max temperature for target day is about 12°C, with 0.8°C rise in the 2 hours before peak and timing score 32. Model view on 13°C is compared against market pricing; Global mutually-exclusive constraint is applied with target temperature 12°C (only target bin can be YES; all others are NO). Tradable net edge is about 14.3%, preferred side is NO with estimated win-rate 79%. Weather stability is 56 and data quality is 100. Overall recommendation: WATCH.', '[]');
INSERT INTO snapshots (id, market_id, model_run_id, captured_at, market_prices_json, weather_features_json, model_output_json, trading_output_json, explanation_text, risk_flags_json) VALUES ('cmmtgimbx00159kwnnwglddyg', 'cmmt1z4av00009kcwd4p2git1', 'cmmtgimbv000s9kwned47rk54', '2026-03-16T17:28:03.213Z', '{}', '{}', '{}', '{}', '目标日全天最高温预测约 12°C，峰值前两小时升温 0.8°C，时间窗口评分 32。模型对 13°C 的判断已计入价格，最高温目标温度按 12°C 进行全局联动约束（仅目标bin允许YES，其余为NO）。可交易净Edge约 14.8%，优先方向为 NO，对应胜率约 79%。 天气稳定度 56，数据质量 100，综合建议观察。
EN: Forecast max temperature for target day is about 12°C, with 0.8°C rise in the 2 hours before peak and timing score 32. Model view on 13°C is compared against market pricing; Global mutually-exclusive constraint is applied with target temperature 12°C (only target bin can be YES; all others are NO). Tradable net edge is about 14.8%, preferred side is NO with estimated win-rate 79%. Weather stability is 56 and data quality is 100. Overall recommendation: WATCH.', '[]');
INSERT INTO snapshots (id, market_id, model_run_id, captured_at, market_prices_json, weather_features_json, model_output_json, trading_output_json, explanation_text, risk_flags_json) VALUES ('cmmtg6g8s00159k3kpfrupjsd', 'cmmt1z4av00009kcwd4p2git1', 'cmmtg6g8q000s9k3klbxj7h2k', '2026-03-16T17:18:35.452Z', '{}', '{}', '{}', '{}', '目标日全天最高温预测约 10°C，峰值前两小时升温 0.8°C，时间窗口评分 32。模型对 12°C 的判断已计入价格，最高温目标温度按 10°C 进行全局联动约束（仅目标bin允许YES，其余为NO）。可交易净Edge约 34.0%，优先方向为 NO，对应胜率约 78%。 天气稳定度 56，数据质量 100，综合建议观察。
EN: Forecast max temperature for target day is about 10°C, with 0.8°C rise in the 2 hours before peak and timing score 32. Model view on 12°C is compared against market pricing; Global mutually-exclusive constraint is applied with target temperature 10°C (only target bin can be YES; all others are NO). Tradable net edge is about 34.0%, preferred side is NO with estimated win-rate 78%. Weather stability is 56 and data quality is 100. Overall recommendation: WATCH.', '[]');
INSERT INTO snapshots (id, market_id, model_run_id, captured_at, market_prices_json, weather_features_json, model_output_json, trading_output_json, explanation_text, risk_flags_json) VALUES ('cmmt1z7xe00159kcwar69kvta', 'cmmt1z4av00009kcwd4p2git1', 'cmmt1z7xb000s9kcwox6k54s1', '2026-03-16T10:41:03.457Z', '{}', '{}', '{}', '{}', '目标日全天最高温预测约 12°C，峰值前两小时升温 1.1°C，时间窗口评分 35。模型对 13°C 的判断已计入价格，当前没有同时满足净利润、胜率与可交易门槛的盘口（最小胜率 55%，近确定性价格已过滤），建议 PASS。 天气稳定度 42，数据质量 100，综合建议放弃。当前盘口主共识在 12°C（价格 72.0%），与模型优先方向冲突，已从 BUY 降级为 WATCH。当前并非目标结算日，评分已降权，不建议激进仓位。
EN: Forecast max temperature for target day is about 12°C, with 1.1°C rise in the 2 hours before peak and timing score 35. Model view on 13°C is compared against market pricing; No bin meets both net-profit and win-rate thresholds (min win-rate 55%); PASS is recommended. Weather stability is 42 and data quality is 100. Overall recommendation: PASS. Strong market consensus is 12°C (72.0%), conflicting with model preference; BUY is downgraded to WATCH.Today is not the target settlement date; score is down-weighted and aggressive sizing is not advised.', '[]');
COMMIT;
